Entity,Code,Year,Primary energy consumption per capita (kWh/person)
Albania,ALB,1980,15280.113
Albania,ALB,1981,14787.413
Albania,ALB,1982,14521.8
Albania,ALB,1983,14811.815
Albania,ALB,1984,14592.307
Albania,ALB,1985,14210.347
Albania,ALB,1986,13516.784
Albania,ALB,1987,12914.778
Albania,ALB,1988,13037.287
Albania,ALB,1989,11985.987
Albania,ALB,1990,8505.582
Albania,ALB,1991,6415.6206
Albania,ALB,1992,5544.9727
Albania,ALB,1993,4578.2295
Albania,ALB,1994,3980.5713
Albania,ALB,1995,4391.9185
Albania,ALB,1996,4159.798
Albania,ALB,1997,4001.062
Albania,ALB,1998,4636.6006
Albania,ALB,1999,3659.2952
Albania,ALB,2000,6216.7456
Albania,ALB,2001,6383.7065
Albania,ALB,2002,7213.592
Albania,ALB,2003,7441.479
Albania,ALB,2004,8072.544
Albania,ALB,2005,8044.378
Albania,ALB,2006,7711.4033
Albania,ALB,2007,7655.4966
Albania,ALB,2008,7983.493
Albania,ALB,2009,8136.838
Albania,ALB,2010,7582.6333
Albania,ALB,2011,8232.201
Albania,ALB,2012,7727.7363
Albania,ALB,2013,9065.398
Albania,ALB,2014,8866.902
Albania,ALB,2015,8292.746
Albania,ALB,2016,9234.724
Albania,ALB,2017,10106.212
Albania,ALB,2018,9672.0625
Albania,ALB,2019,8630.006
Albania,ALB,2020,7352.821
Albania,ALB,2021,8944.888
Albania,ALB,2022,9147.205
Albania,ALB,2023,8032.0703
Armenia,ARM,1992,14456.733
Armenia,ARM,1993,10241.846
Armenia,ARM,1994,9587.113
Armenia,ARM,1995,10491.935
Armenia,ARM,1996,14085.446
Armenia,ARM,1997,11964.407
Armenia,ARM,1998,12830.193
Armenia,ARM,1999,7874.202
Armenia,ARM,2000,8587.992
Armenia,ARM,2001,8735.807
Armenia,ARM,2002,7993.6553
Armenia,ARM,2003,8742.533
Armenia,ARM,2004,9174.885
Armenia,ARM,2005,11044.274
Armenia,ARM,2006,11084.32
Armenia,ARM,2007,12641.402
Armenia,ARM,2008,12216.934
Armenia,ARM,2009,10727.759
Armenia,ARM,2010,11824.311
Armenia,ARM,2011,12557.113
Armenia,ARM,2012,13606.589
Armenia,ARM,2013,13407.281
Armenia,ARM,2014,13808.039
Armenia,ARM,2015,12623.133
Armenia,ARM,2016,12668.348
Armenia,ARM,2017,13658.813
Armenia,ARM,2018,13424.767
Armenia,ARM,2019,14248.773
Armenia,ARM,2020,15475.302
Armenia,ARM,2021,15976.376
Armenia,ARM,2022,17722.293
Armenia,ARM,2023,16027.844
Austria,AUT,1965,26064.307
Austria,AUT,1966,27087.95
Austria,AUT,1967,27163.17
Austria,AUT,1968,28894.45
Austria,AUT,1969,29827.604
Austria,AUT,1970,34039.426
Austria,AUT,1971,33746.195
Austria,AUT,1972,34709.883
Austria,AUT,1973,37113.535
Austria,AUT,1974,37241.844
Austria,AUT,1975,37090.23
Austria,AUT,1976,38455.332
Austria,AUT,1977,38533.754
Austria,AUT,1978,40230.348
Austria,AUT,1979,42687.133
Austria,AUT,1980,42508.81
Austria,AUT,1981,41165.254
Austria,AUT,1982,39788.53
Austria,AUT,1983,39741.906
Austria,AUT,1984,39343.98
Austria,AUT,1985,41749.42
Austria,AUT,1986,41804.465
Austria,AUT,1987,44098.918
Austria,AUT,1988,43390.504
Austria,AUT,1989,43432.5
Austria,AUT,1990,43468.785
Austria,AUT,1991,45042.395
Austria,AUT,1992,43963.363
Austria,AUT,1993,44570.805
Austria,AUT,1994,44016.273
Austria,AUT,1995,46244.85
Austria,AUT,1996,47192.613
Austria,AUT,1997,47751.31
Austria,AUT,1998,48787.24
Austria,AUT,1999,49137.97
Austria,AUT,2000,49316.637
Austria,AUT,2001,50557.285
Austria,AUT,2002,50339.8
Austria,AUT,2003,50193.703
Austria,AUT,2004,51686.26
Austria,AUT,2005,52416.992
Austria,AUT,2006,51495.746
Austria,AUT,2007,50628.93
Austria,AUT,2008,51008.945
Austria,AUT,2009,49103.516
Austria,AUT,2010,50394.973
Austria,AUT,2011,47165.023
Austria,AUT,2012,49148.723
Austria,AUT,2013,48441.508
Austria,AUT,2014,46197.7
Austria,AUT,2015,45856.26
Austria,AUT,2016,46881.992
Austria,AUT,2017,47457.57
Austria,AUT,2018,46190.7
Austria,AUT,2019,48188.984
Austria,AUT,2020,44852.156
Austria,AUT,2021,45314.195
Austria,AUT,2022,42122.105
Austria,AUT,2023,43148.035
Austria,AUT,2024,45208.31
Azerbaijan,AZE,1985,34552.445
Azerbaijan,AZE,1986,36688.668
Azerbaijan,AZE,1987,35115.332
Azerbaijan,AZE,1988,34626.51
Azerbaijan,AZE,1989,34886.496
Azerbaijan,AZE,1990,36032.113
Azerbaijan,AZE,1991,34227.562
Azerbaijan,AZE,1992,28949.521
Azerbaijan,AZE,1993,24783.752
Azerbaijan,AZE,1994,22455.918
Azerbaijan,AZE,1995,20811.258
Azerbaijan,AZE,1996,16823.014
Azerbaijan,AZE,1997,15896.0625
Azerbaijan,AZE,1998,15779.74
Azerbaijan,AZE,1999,15598.277
Azerbaijan,AZE,2000,16153.973
Azerbaijan,AZE,2001,15418.192
Azerbaijan,AZE,2002,15086.057
Azerbaijan,AZE,2003,16193.649
Azerbaijan,AZE,2004,18127.234
Azerbaijan,AZE,2005,19405.906
Azerbaijan,AZE,2006,18836.46
Azerbaijan,AZE,2007,17112.117
Azerbaijan,AZE,2008,16903.684
Azerbaijan,AZE,2009,14389.062
Azerbaijan,AZE,2010,14041.92
Azerbaijan,AZE,2011,15745.113
Azerbaijan,AZE,2012,16007.676
Azerbaijan,AZE,2013,16225.271
Azerbaijan,AZE,2014,16326.349
Azerbaijan,AZE,2015,17618.03
Azerbaijan,AZE,2016,17246.135
Azerbaijan,AZE,2017,16748.137
Azerbaijan,AZE,2018,17546.863
Azerbaijan,AZE,2019,18385.926
Azerbaijan,AZE,2020,18162.768
Azerbaijan,AZE,2021,19302.547
Azerbaijan,AZE,2022,20425.451
Azerbaijan,AZE,2023,21072.756
Azerbaijan,AZE,2024,20137.387
Belarus,BLR,1985,41033.402
Belarus,BLR,1986,46563.863
Belarus,BLR,1987,46991.227
Belarus,BLR,1988,47429.98
Belarus,BLR,1989,45641.375
Belarus,BLR,1990,45745.21
Belarus,BLR,1991,45606.363
Belarus,BLR,1992,39633.062
Belarus,BLR,1993,32991.0
Belarus,BLR,1994,27585.434
Belarus,BLR,1995,24585.137
Belarus,BLR,1996,25298.854
Belarus,BLR,1997,25695.682
Belarus,BLR,1998,25231.76
Belarus,BLR,1999,24645.004
Belarus,BLR,2000,25522.084
Belarus,BLR,2001,24945.643
Belarus,BLR,2002,25976.342
Belarus,BLR,2003,25966.264
Belarus,BLR,2004,29278.977
Belarus,BLR,2005,29386.727
Belarus,BLR,2006,31443.652
Belarus,BLR,2007,30819.047
Belarus,BLR,2008,31336.238
Belarus,BLR,2009,29715.518
Belarus,BLR,2010,32263.11
Belarus,BLR,2011,31742.064
Belarus,BLR,2012,34368.99
Belarus,BLR,2013,31085.303
Belarus,BLR,2014,31127.623
Belarus,BLR,2015,28138.871
Belarus,BLR,2016,28718.361
Belarus,BLR,2017,29259.266
Belarus,BLR,2018,32402.701
Belarus,BLR,2019,32726.744
Belarus,BLR,2020,30643.37
Belarus,BLR,2021,33803.074
Belarus,BLR,2022,33086.91
Belarus,BLR,2023,33297.785
Belarus,BLR,2024,34632.566
Belgium,BEL,1965,43930.613
Belgium,BEL,1966,42079.215
Belgium,BEL,1967,43936.297
Belgium,BEL,1968,48736.29
Belgium,BEL,1969,53265.69
Belgium,BEL,1970,56029.348
Belgium,BEL,1971,54759.535
Belgium,BEL,1972,58044.5
Belgium,BEL,1973,58687.395
Belgium,BEL,1974,56572.863
Belgium,BEL,1975,53138.504
Belgium,BEL,1976,56315.676
Belgium,BEL,1977,56333.273
Belgium,BEL,1978,58693.355
Belgium,BEL,1979,60269.168
Belgium,BEL,1980,57571.547
Belgium,BEL,1981,54645.723
Belgium,BEL,1982,52206.734
Belgium,BEL,1983,50558.56
Belgium,BEL,1984,52809.992
Belgium,BEL,1985,55096.12
Belgium,BEL,1986,56814.492
Belgium,BEL,1987,58457.508
Belgium,BEL,1988,59516.973
Belgium,BEL,1989,59836.56
Belgium,BEL,1990,62378.742
Belgium,BEL,1991,64294.656
Belgium,BEL,1992,63857.26
Belgium,BEL,1993,62586.73
Belgium,BEL,1994,65629.48
Belgium,BEL,1995,66301.9
Belgium,BEL,1996,70284.875
Belgium,BEL,1997,70840.68
Belgium,BEL,1998,72074.21
Belgium,BEL,1999,71395.695
Belgium,BEL,2000,72509.64
Belgium,BEL,2001,71630.055
Belgium,BEL,2002,70983.87
Belgium,BEL,2003,73407.07
Belgium,BEL,2004,73370.9
Belgium,BEL,2005,72156.34
Belgium,BEL,2006,71881.8
Belgium,BEL,2007,71852.6
Belgium,BEL,2008,72432.766
Belgium,BEL,2009,66203.03
Belgium,BEL,2010,69929.08
Belgium,BEL,2011,64655.848
Belgium,BEL,2012,61664.453
Belgium,BEL,2013,62894.42
Belgium,BEL,2014,58059.273
Belgium,BEL,2015,58306.633
Belgium,BEL,2016,62607.22
Belgium,BEL,2017,62940.03
Belgium,BEL,2018,62492.76
Belgium,BEL,2019,64258.418
Belgium,BEL,2020,57530.324
Belgium,BEL,2021,63805.598
Belgium,BEL,2022,59651.605
Belgium,BEL,2023,55542.023
Belgium,BEL,2024,54870.88
Bosnia and Herzegovina,BIH,1992,8677.138
Bosnia and Herzegovina,BIH,1993,6852.7524
Bosnia and Herzegovina,BIH,1994,7033.086
Bosnia and Herzegovina,BIH,1995,12820.879
Bosnia and Herzegovina,BIH,1996,6143.073
Bosnia and Herzegovina,BIH,1997,9844.338
Bosnia and Herzegovina,BIH,1998,11882.883
Bosnia and Herzegovina,BIH,1999,11489.427
Bosnia and Herzegovina,BIH,2000,13112.501
Bosnia and Herzegovina,BIH,2001,12905.365
Bosnia and Herzegovina,BIH,2002,12973.768
Bosnia and Herzegovina,BIH,2003,11420.435
Bosnia and Herzegovina,BIH,2004,11305.199
Bosnia and Herzegovina,BIH,2005,10346.191
Bosnia and Herzegovina,BIH,2006,10823.57
Bosnia and Herzegovina,BIH,2007,11227.055
Bosnia and Herzegovina,BIH,2008,12752.937
Bosnia and Herzegovina,BIH,2009,15458.73
Bosnia and Herzegovina,BIH,2010,16196.391
Bosnia and Herzegovina,BIH,2011,17665.49
Bosnia and Herzegovina,BIH,2012,17613.062
Bosnia and Herzegovina,BIH,2013,16714.635
Bosnia and Herzegovina,BIH,2014,16940.182
Bosnia and Herzegovina,BIH,2015,17474.537
Bosnia and Herzegovina,BIH,2016,18144.992
Bosnia and Herzegovina,BIH,2017,19206.406
Bosnia and Herzegovina,BIH,2018,18484.44
Bosnia and Herzegovina,BIH,2019,17670.797
Bosnia and Herzegovina,BIH,2020,17237.43
Bosnia and Herzegovina,BIH,2021,20087.38
Bosnia and Herzegovina,BIH,2022,28264.172
Bosnia and Herzegovina,BIH,2023,26735.992
Bulgaria,BGR,1965,14620.77
Bulgaria,BGR,1966,15567.108
Bulgaria,BGR,1967,17968.76
Bulgaria,BGR,1968,19943.219
Bulgaria,BGR,1969,22058.291
Bulgaria,BGR,1970,24657.031
Bulgaria,BGR,1971,25529.87
Bulgaria,BGR,1972,26144.588
Bulgaria,BGR,1973,27023.654
Bulgaria,BGR,1974,27644.533
Bulgaria,BGR,1975,30414.81
Bulgaria,BGR,1976,32080.14
Bulgaria,BGR,1977,33632.816
Bulgaria,BGR,1978,34789.098
Bulgaria,BGR,1979,36062.77
Bulgaria,BGR,1980,37924.316
Bulgaria,BGR,1981,37245.914
Bulgaria,BGR,1982,38049.56
Bulgaria,BGR,1983,38219.535
Bulgaria,BGR,1984,37916.188
Bulgaria,BGR,1985,37602.87
Bulgaria,BGR,1986,38337.195
Bulgaria,BGR,1987,38579.18
Bulgaria,BGR,1988,39436.85
Bulgaria,BGR,1989,39309.855
Bulgaria,BGR,1990,36771.11
Bulgaria,BGR,1991,30198.242
Bulgaria,BGR,1992,28868.836
Bulgaria,BGR,1993,31134.502
Bulgaria,BGR,1994,30122.635
Bulgaria,BGR,1995,32624.234
Bulgaria,BGR,1996,32793.77
Bulgaria,BGR,1997,31293.846
Bulgaria,BGR,1998,30382.707
Bulgaria,BGR,1999,26929.967
Bulgaria,BGR,2000,27170.389
Bulgaria,BGR,2001,28324.223
Bulgaria,BGR,2002,27707.934
Bulgaria,BGR,2003,28875.049
Bulgaria,BGR,2004,28120.139
Bulgaria,BGR,2005,30680.197
Bulgaria,BGR,2006,31504.156
Bulgaria,BGR,2007,30663.352
Bulgaria,BGR,2008,30551.521
Bulgaria,BGR,2009,26990.662
Bulgaria,BGR,2010,28432.732
Bulgaria,BGR,2011,30434.416
Bulgaria,BGR,2012,29168.732
Bulgaria,BGR,2013,27270.346
Bulgaria,BGR,2014,29286.607
Bulgaria,BGR,2015,31303.371
Bulgaria,BGR,2016,29900.988
Bulgaria,BGR,2017,30834.584
Bulgaria,BGR,2018,31149.057
Bulgaria,BGR,2019,30327.924
Bulgaria,BGR,2020,28177.615
Bulgaria,BGR,2021,32263.266
Bulgaria,BGR,2022,33606.043
Bulgaria,BGR,2023,29007.344
Bulgaria,BGR,2024,28381.64
Croatia,HRV,1990,20851.836
Croatia,HRV,1991,17365.137
Croatia,HRV,1992,16838.043
Croatia,HRV,1993,17761.256
Croatia,HRV,1994,18150.568
Croatia,HRV,1995,19017.701
Croatia,HRV,1996,20656.52
Croatia,HRV,1997,20725.064
Croatia,HRV,1998,22208.432
Croatia,HRV,1999,23282.852
Croatia,HRV,2000,22317.953
Croatia,HRV,2001,23602.438
Croatia,HRV,2002,23601.307
Croatia,HRV,2003,24687.121
Croatia,HRV,2004,25647.283
Croatia,HRV,2005,25332.936
Croatia,HRV,2006,25012.688
Croatia,HRV,2007,25128.795
Croatia,HRV,2008,24999.676
Croatia,HRV,2009,24704.299
Croatia,HRV,2010,25170.996
Croatia,HRV,2011,22063.092
Croatia,HRV,2012,20565.84
Croatia,HRV,2013,22645.89
Croatia,HRV,2014,22753.666
Croatia,HRV,2015,21755.668
Croatia,HRV,2016,22901.484
Croatia,HRV,2017,23235.795
Croatia,HRV,2018,24388.486
Croatia,HRV,2019,24035.39
Croatia,HRV,2020,23110.643
Croatia,HRV,2021,25050.172
Croatia,HRV,2022,23846.066
Croatia,HRV,2023,26982.51
Croatia,HRV,2024,26615.488
Cyprus,CYP,1965,7576.371
Cyprus,CYP,1966,8563.817
Cyprus,CYP,1967,9196.994
Cyprus,CYP,1968,10119.043
Cyprus,CYP,1969,11836.933
Cyprus,CYP,1970,12363.76
Cyprus,CYP,1971,14598.88
Cyprus,CYP,1972,16241.959
Cyprus,CYP,1973,17297.453
Cyprus,CYP,1974,15398.195
Cyprus,CYP,1975,12936.193
Cyprus,CYP,1976,13100.408
Cyprus,CYP,1977,14685.842
Cyprus,CYP,1978,14941.394
Cyprus,CYP,1979,15043.617
Cyprus,CYP,1980,15047.482
Cyprus,CYP,1981,14307.252
Cyprus,CYP,1982,16961.58
Cyprus,CYP,1983,17576.723
Cyprus,CYP,1984,17533.297
Cyprus,CYP,1985,18549.932
Cyprus,CYP,1986,19032.611
Cyprus,CYP,1987,22894.695
Cyprus,CYP,1988,23289.115
Cyprus,CYP,1989,23554.605
Cyprus,CYP,1990,24449.057
Cyprus,CYP,1991,24422.248
Cyprus,CYP,1992,28132.1
Cyprus,CYP,1993,28679.145
Cyprus,CYP,1994,28096.639
Cyprus,CYP,1995,29246.24
Cyprus,CYP,1996,29086.635
Cyprus,CYP,1997,28801.662
Cyprus,CYP,1998,30010.984
Cyprus,CYP,1999,31013.31
Cyprus,CYP,2000,31932.213
Cyprus,CYP,2001,31748.504
Cyprus,CYP,2002,30756.688
Cyprus,CYP,2003,32101.143
Cyprus,CYP,2004,30679.959
Cyprus,CYP,2005,33771.734
Cyprus,CYP,2006,32635.766
Cyprus,CYP,2007,32614.639
Cyprus,CYP,2008,32863.74
Cyprus,CYP,2009,31552.451
Cyprus,CYP,2010,30196.178
Cyprus,CYP,2011,29415.918
Cyprus,CYP,2012,27119.346
Cyprus,CYP,2013,23885.867
Cyprus,CYP,2014,23543.232
Cyprus,CYP,2015,23931.43
Cyprus,CYP,2016,25654.014
Cyprus,CYP,2017,25987.69
Cyprus,CYP,2018,25545.797
Cyprus,CYP,2019,25253.969
Cyprus,CYP,2020,21717.27
Cyprus,CYP,2021,22653.71
Cyprus,CYP,2022,23790.744
Cyprus,CYP,2023,23877.7
Cyprus,CYP,2024,24551.195
Czechia,CZE,1965,48293.57
Czechia,CZE,1966,48507.875
Czechia,CZE,1967,47642.266
Czechia,CZE,1968,49604.77
Czechia,CZE,1969,51649.35
Czechia,CZE,1970,53755.527
Czechia,CZE,1971,56369.074
Czechia,CZE,1972,56486.242
Czechia,CZE,1973,56546.79
Czechia,CZE,1974,56810.586
Czechia,CZE,1975,58749.09
Czechia,CZE,1976,60015.082
Czechia,CZE,1977,61644.08
Czechia,CZE,1978,62191.742
Czechia,CZE,1979,62570.734
Czechia,CZE,1980,60419.594
Czechia,CZE,1981,59888.645
Czechia,CZE,1982,59132.363
Czechia,CZE,1983,59204.168
Czechia,CZE,1984,61171.72
Czechia,CZE,1985,61281.047
Czechia,CZE,1986,61969.156
Czechia,CZE,1987,63401.766
Czechia,CZE,1988,63666.67
Czechia,CZE,1989,61713.973
Czechia,CZE,1990,53071.695
Czechia,CZE,1991,48293.75
Czechia,CZE,1992,46834.6
Czechia,CZE,1993,46406.06
Czechia,CZE,1994,45194.73
Czechia,CZE,1995,47150.117
Czechia,CZE,1996,48845.676
Czechia,CZE,1997,46918.055
Czechia,CZE,1998,45616.305
Czechia,CZE,1999,43797.69
Czechia,CZE,2000,46352.703
Czechia,CZE,2001,47427.164
Czechia,CZE,2002,47537.26
Czechia,CZE,2003,50205.37
Czechia,CZE,2004,51437.6
Czechia,CZE,2005,50547.094
Czechia,CZE,2006,51380.527
Czechia,CZE,2007,50660.535
Czechia,CZE,2008,49489.69
Czechia,CZE,2009,47290.25
Czechia,CZE,2010,49087.086
Czechia,CZE,2011,47827.676
Czechia,CZE,2012,47532.332
Czechia,CZE,2013,46638.13
Czechia,CZE,2014,45633.42
Czechia,CZE,2015,44726.094
Czechia,CZE,2016,44091.977
Czechia,CZE,2017,46538.844
Czechia,CZE,2018,46357.695
Czechia,CZE,2019,45278.137
Czechia,CZE,2020,41949.023
Czechia,CZE,2021,44290.19
Czechia,CZE,2022,42043.363
Czechia,CZE,2023,38043.734
Czechia,CZE,2024,36589.773
Denmark,DNK,1965,34926.24
Denmark,DNK,1966,39410.375
Denmark,DNK,1967,39320.52
Denmark,DNK,1968,40837.613
Denmark,DNK,1969,46618.156
Denmark,DNK,1970,49301.176
Denmark,DNK,1971,46268.83
Denmark,DNK,1972,48550.32
Denmark,DNK,1973,46690.67
Denmark,DNK,1974,42276.887
Denmark,DNK,1975,41545.992
Denmark,DNK,1976,45624.316
Denmark,DNK,1977,46415.64
Denmark,DNK,1978,46944.08
Denmark,DNK,1979,46735.41
Denmark,DNK,1980,45472.83
Denmark,DNK,1981,40855.637
Denmark,DNK,1982,39077.453
Denmark,DNK,1983,37171.727
Denmark,DNK,1984,37812.81
Denmark,DNK,1985,42593.06
Denmark,DNK,1986,43479.188
Denmark,DNK,1987,41863.688
Denmark,DNK,1988,41388.055
Denmark,DNK,1989,38150.27
Denmark,DNK,1990,39284.2
Denmark,DNK,1991,45176.19
Denmark,DNK,1992,42181.61
Denmark,DNK,1993,44578.895
Denmark,DNK,1994,47646.367
Denmark,DNK,1995,46551.258
Denmark,DNK,1996,55079.805
Denmark,DNK,1997,49762.707
Denmark,DNK,1998,47827.82
Denmark,DNK,1999,46234.027
Denmark,DNK,2000,44294.85
Denmark,DNK,2001,44266.516
Denmark,DNK,2002,44039.605
Denmark,DNK,2003,47347.523
Denmark,DNK,2004,44712.285
Denmark,DNK,2005,43106.32
Denmark,DNK,2006,46985.727
Denmark,DNK,2007,44565.855
Denmark,DNK,2008,42752.508
Denmark,DNK,2009,39978.305
Denmark,DNK,2010,42534.68
Denmark,DNK,2011,39666.25
Denmark,DNK,2012,36703.64
Denmark,DNK,2013,37700.766
Denmark,DNK,2014,36068.55
Denmark,DNK,2015,35007.945
Denmark,DNK,2016,35194.582
Denmark,DNK,2017,35208.766
Denmark,DNK,2018,34539.766
Denmark,DNK,2019,37285.684
Denmark,DNK,2020,32952.97
Denmark,DNK,2021,32756.87
Denmark,DNK,2022,32903.926
Denmark,DNK,2023,32816.66
Denmark,DNK,2024,32832.465
Estonia,EST,1985,77659.54
Estonia,EST,1986,76766.94
Estonia,EST,1987,77340.914
Estonia,EST,1988,75449.164
Estonia,EST,1989,77332.12
Estonia,EST,1990,81248.34
Estonia,EST,1991,74582.45
Estonia,EST,1992,52778.336
Estonia,EST,1993,44911.56
Estonia,EST,1994,46444.62
Estonia,EST,1995,42790.797
Estonia,EST,1996,46012.625
Estonia,EST,1997,45745.91
Estonia,EST,1998,41336.574
Estonia,EST,1999,38286.332
Estonia,EST,2000,39725.285
Estonia,EST,2001,41670.42
Estonia,EST,2002,41761.258
Estonia,EST,2003,45822.414
Estonia,EST,2004,47044.355
Estonia,EST,2005,47580.188
Estonia,EST,2006,47279.69
Estonia,EST,2007,55004.875
Estonia,EST,2008,50749.477
Estonia,EST,2009,44005.977
Estonia,EST,2010,54937.555
Estonia,EST,2011,54968.05
Estonia,EST,2012,55562.555
Estonia,EST,2013,58776.996
Estonia,EST,2014,56419.855
Estonia,EST,2015,52204.055
Estonia,EST,2016,53777.426
Estonia,EST,2017,59573.93
Estonia,EST,2018,58911.23
Estonia,EST,2019,47301.492
Estonia,EST,2020,44171.176
Estonia,EST,2021,46137.703
Estonia,EST,2022,46890.336
Estonia,EST,2023,41162.695
Estonia,EST,2024,40986.305
Finland,FIN,1965,25284.799
Finland,FIN,1966,28673.293
Finland,FIN,1967,30011.488
Finland,FIN,1968,32422.615
Finland,FIN,1969,35665.55
Finland,FIN,1970,39447.76
Finland,FIN,1971,40454.45
Finland,FIN,1972,42398.668
Finland,FIN,1973,46460.086
Finland,FIN,1974,44333.28
Finland,FIN,1975,44840.5
Finland,FIN,1976,47412.434
Finland,FIN,1977,50002.754
Finland,FIN,1978,51748.45
Finland,FIN,1979,55798.055
Finland,FIN,1980,55376.215
Finland,FIN,1981,55674.742
Finland,FIN,1982,54671.61
Finland,FIN,1983,53825.727
Finland,FIN,1984,55786.504
Finland,FIN,1985,58287.605
Finland,FIN,1986,58766.08
Finland,FIN,1987,61695.867
Finland,FIN,1988,61114.07
Finland,FIN,1989,61156.637
Finland,FIN,1990,64823.824
Finland,FIN,1991,65968.336
Finland,FIN,1992,65383.906
Finland,FIN,1993,65628.07
Finland,FIN,1994,68592.805
Finland,FIN,1995,65141.914
Finland,FIN,1996,67804.51
Finland,FIN,1997,68557.55
Finland,FIN,1998,70678.42
Finland,FIN,1999,69141.05
Finland,FIN,2000,69377.15
Finland,FIN,2001,70720.08
Finland,FIN,2002,70909.47
Finland,FIN,2003,75758.85
Finland,FIN,2004,75218.61
Finland,FIN,2005,68155.234
Finland,FIN,2006,72824.57
Finland,FIN,2007,72265.66
Finland,FIN,2008,69352.39
Finland,FIN,2009,63925.277
Finland,FIN,2010,69227.41
Finland,FIN,2011,64942.016
Finland,FIN,2012,62885.137
Finland,FIN,2013,62841.867
Finland,FIN,2014,60388.477
Finland,FIN,2015,60020.11
Finland,FIN,2016,60792.52
Finland,FIN,2017,59403.098
Finland,FIN,2018,60525.258
Finland,FIN,2019,59218.777
Finland,FIN,2020,56776.08
Finland,FIN,2021,57854.73
Finland,FIN,2022,57499.42
Finland,FIN,2023,59655.676
Finland,FIN,2024,59564.754
France,FRA,1965,27621.375
France,FRA,1966,27989.49
France,FRA,1967,29488.37
France,FRA,1968,30803.596
France,FRA,1969,33594.562
France,FRA,1970,36046.105
France,FRA,1971,36952.41
France,FRA,1972,38999.477
France,FRA,1973,42016.35
France,FRA,1974,40974.973
France,FRA,1975,38564.234
France,FRA,1976,40678.547
France,FRA,1977,41310.926
France,FRA,1978,42640.688
France,FRA,1979,43657.156
France,FRA,1980,43146.258
France,FRA,1981,42266.633
France,FRA,1982,40498.457
France,FRA,1983,41171.86
France,FRA,1984,42383.414
France,FRA,1985,43547.31
France,FRA,1986,44341.496
France,FRA,1987,45104.48
France,FRA,1988,45446.906
France,FRA,1989,45749.082
France,FRA,1990,46496.09
France,FRA,1991,49486.617
France,FRA,1992,49655.938
France,FRA,1993,49374.152
France,FRA,1994,48702.86
France,FRA,1995,49906.992
France,FRA,1996,51598.414
France,FRA,1997,50635.94
France,FRA,1998,51672.05
France,FRA,1999,52095.41
France,FRA,2000,52416.18
France,FRA,2001,52467.066
France,FRA,2002,51700.01
France,FRA,2003,51909.51
France,FRA,2004,51983.934
France,FRA,2005,51181.785
France,FRA,2006,50426.094
France,FRA,2007,49265.89
France,FRA,2008,49137.234
France,FRA,2009,46095.29
France,FRA,2010,47325.062
France,FRA,2011,45465.84
France,FRA,2012,45190.88
France,FRA,2013,45428.73
France,FRA,2014,43247.4
France,FRA,2015,43493.316
France,FRA,2016,42506.24
France,FRA,2017,42218.56
France,FRA,2018,42589.26
France,FRA,2019,41554.387
France,FRA,2020,37087.555
France,FRA,2021,39307.22
France,FRA,2022,34796.047
France,FRA,2023,36221.496
France,FRA,2024,37865.61
Georgia,GEO,1992,15323.368
Georgia,GEO,1993,8676.13
Georgia,GEO,1994,6193.0796
Georgia,GEO,1995,6870.065
Georgia,GEO,1996,7162.7534
Georgia,GEO,1997,7667.2837
Georgia,GEO,1998,7864.9
Georgia,GEO,1999,7708.78
Georgia,GEO,2000,6619.5894
Georgia,GEO,2001,6177.1333
Georgia,GEO,2002,7386.652
Georgia,GEO,2003,6423.026
Georgia,GEO,2004,7060.5864
Georgia,GEO,2005,8406.679
Georgia,GEO,2006,7841.375
Georgia,GEO,2007,9815.2295
Georgia,GEO,2008,9738.182
Georgia,GEO,2009,9947.294
Georgia,GEO,2010,10140.076
Georgia,GEO,2011,9922.715
Georgia,GEO,2012,10914.35
Georgia,GEO,2013,12308.174
Georgia,GEO,2014,13072.275
Georgia,GEO,2015,14169.743
Georgia,GEO,2016,14855.349
Georgia,GEO,2017,14774.392
Georgia,GEO,2018,14901.221
Georgia,GEO,2019,15727.646
Georgia,GEO,2020,14982.388
Georgia,GEO,2021,16113.435
Georgia,GEO,2022,17845.229
Georgia,GEO,2023,16434.389
Germany,DEU,1965,39086.637
Germany,DEU,1966,38858.652
Germany,DEU,1967,38578.676
Germany,DEU,1968,41003.105
Germany,DEU,1969,43874.797
Germany,DEU,1970,46173.668
Germany,DEU,1971,46506.047
Germany,DEU,1972,47894.137
Germany,DEU,1973,50493.945
Germany,DEU,1974,49597.36
Germany,DEU,1975,47833.277
Germany,DEU,1976,51259.234
Germany,DEU,1977,51252.312
Germany,DEU,1978,53154.42
Germany,DEU,1979,56084.793
Germany,DEU,1980,54130.273
Germany,DEU,1981,52356.098
Germany,DEU,1982,50546.055
Germany,DEU,1983,51371.758
Germany,DEU,1984,53424.19
Germany,DEU,1985,55100.695
Germany,DEU,1986,54600.46
Germany,DEU,1987,54971.184
Germany,DEU,1988,54930.293
Germany,DEU,1989,53921.63
Germany,DEU,1990,52600.035
Germany,DEU,1991,50939.98
Germany,DEU,1992,49537.81
Germany,DEU,1993,48983.74
Germany,DEU,1994,48355.11
Germany,DEU,1995,48461.355
Germany,DEU,1996,49911.09
Germany,DEU,1997,49195.35
Germany,DEU,1998,49012.766
Germany,DEU,1999,48526.492
Germany,DEU,2000,48756.883
Germany,DEU,2001,49586.312
Germany,DEU,2002,48882.72
Germany,DEU,2003,48841.7
Germany,DEU,2004,48845.914
Germany,DEU,2005,48297.293
Germany,DEU,2006,49722.023
Germany,DEU,2007,47890.44
Germany,DEU,2008,48509.78
Germany,DEU,2009,45618.9
Germany,DEU,2010,47595.047
Germany,DEU,2011,45890.207
Germany,DEU,2012,46491.4
Germany,DEU,2013,47734.965
Germany,DEU,2014,45596.504
Germany,DEU,2015,46064.484
Germany,DEU,2016,46416.703
Germany,DEU,2017,47525.457
Germany,DEU,2018,46125.492
Germany,DEU,2019,44922.695
Germany,DEU,2020,41838.684
Germany,DEU,2021,42994.242
Germany,DEU,2022,41094.125
Germany,DEU,2023,37598.492
Germany,DEU,2024,37792.51
Greece,GRC,1965,9287.967
Greece,GRC,1966,10099.086
Greece,GRC,1967,11022.073
Greece,GRC,1968,11371.79
Greece,GRC,1969,11972.224
Greece,GRC,1970,13301.969
Greece,GRC,1971,15776.968
Greece,GRC,1972,17573.717
Greece,GRC,1973,20119.812
Greece,GRC,1974,19591.873
Greece,GRC,1975,21990.723
Greece,GRC,1976,23915.809
Greece,GRC,1977,24476.354
Greece,GRC,1978,24620.178
Greece,GRC,1979,21313.914
Greece,GRC,1980,20832.8
Greece,GRC,1981,20146.57
Greece,GRC,1982,20247.398
Greece,GRC,1983,20208.74
Greece,GRC,1984,20958.238
Greece,GRC,1985,22009.533
Greece,GRC,1986,21943.23
Greece,GRC,1987,23886.674
Greece,GRC,1988,25115.494
Greece,GRC,1989,27115.736
Greece,GRC,1990,28007.275
Greece,GRC,1991,28281.008
Greece,GRC,1992,28631.41
Greece,GRC,1993,28861.805
Greece,GRC,1994,29202.715
Greece,GRC,1995,30115.697
Greece,GRC,1996,30728.293
Greece,GRC,1997,31447.324
Greece,GRC,1998,33232.72
Greece,GRC,1999,33063.61
Greece,GRC,2000,34597.48
Greece,GRC,2001,34678.547
Greece,GRC,2002,34560.207
Greece,GRC,2003,36480.95
Greece,GRC,2004,36376.992
Greece,GRC,2005,36389.562
Greece,GRC,2006,37336.773
Greece,GRC,2007,37964.91
Greece,GRC,2008,37157.152
Greece,GRC,2009,35685.582
Greece,GRC,2010,34017.863
Greece,GRC,2011,33422.445
Greece,GRC,2012,31615.93
Greece,GRC,2013,29934.105
Greece,GRC,2014,28266.357
Greece,GRC,2015,28807.496
Greece,GRC,2016,28489.86
Greece,GRC,2017,29962.0
Greece,GRC,2018,30199.467
Greece,GRC,2019,29564.295
Greece,GRC,2020,25885.273
Greece,GRC,2021,28596.29
Greece,GRC,2022,30188.217
Greece,GRC,2023,29864.28
Greece,GRC,2024,31965.838
Hungary,HUN,1965,18240.14
Hungary,HUN,1966,18432.184
Hungary,HUN,1967,17526.768
Hungary,HUN,1968,18117.527
Hungary,HUN,1969,19331.87
Hungary,HUN,1970,20759.742
Hungary,HUN,1971,21374.479
Hungary,HUN,1972,22004.176
Hungary,HUN,1973,23751.666
Hungary,HUN,1974,24369.95
Hungary,HUN,1975,25649.277
Hungary,HUN,1976,27251.844
Hungary,HUN,1977,28520.71
Hungary,HUN,1978,30396.986
Hungary,HUN,1979,30020.951
Hungary,HUN,1980,30091.406
Hungary,HUN,1981,29831.559
Hungary,HUN,1982,30029.133
Hungary,HUN,1983,29603.729
Hungary,HUN,1984,30518.445
Hungary,HUN,1985,31608.328
Hungary,HUN,1986,31568.957
Hungary,HUN,1987,33093.11
Hungary,HUN,1988,32436.686
Hungary,HUN,1989,31711.219
Hungary,HUN,1990,31138.303
Hungary,HUN,1991,29090.016
Hungary,HUN,1992,27927.746
Hungary,HUN,1993,26923.32
Hungary,HUN,1994,27426.154
Hungary,HUN,1995,27783.232
Hungary,HUN,1996,28367.492
Hungary,HUN,1997,27746.697
Hungary,HUN,1998,28236.934
Hungary,HUN,1999,28311.498
Hungary,HUN,2000,27555.037
Hungary,HUN,2001,28292.807
Hungary,HUN,2002,27707.572
Hungary,HUN,2003,28132.156
Hungary,HUN,2004,28646.92
Hungary,HUN,2005,30606.633
Hungary,HUN,2006,30055.938
Hungary,HUN,2007,29707.297
Hungary,HUN,2008,29340.787
Hungary,HUN,2009,27265.072
Hungary,HUN,2010,27840.814
Hungary,HUN,2011,27090.857
Hungary,HUN,2012,25322.736
Hungary,HUN,2013,24070.496
Hungary,HUN,2014,24158.225
Hungary,HUN,2015,25514.207
Hungary,HUN,2016,26042.918
Hungary,HUN,2017,27519.338
Hungary,HUN,2018,27746.227
Hungary,HUN,2019,28135.389
Hungary,HUN,2020,27727.416
Hungary,HUN,2021,29250.39
Hungary,HUN,2022,27575.229
Hungary,HUN,2023,26357.766
Hungary,HUN,2024,26952.049
Iceland,ISL,1965,39424.312
Iceland,ISL,1966,40653.574
Iceland,ISL,1967,39636.023
Iceland,ISL,1968,41358.12
Iceland,ISL,1969,40918.684
Iceland,ISL,1970,49410.406
Iceland,ISL,1971,53341.27
Iceland,ISL,1972,57172.07
Iceland,ISL,1973,68096.13
Iceland,ISL,1974,65534.7
Iceland,ISL,1975,62088.59
Iceland,ISL,1976,63567.113
Iceland,ISL,1977,66771.125
Iceland,ISL,1978,69163.47
Iceland,ISL,1979,71453.13
Iceland,ISL,1980,71715.29
Iceland,ISL,1981,72289.26
Iceland,ISL,1982,73223.26
Iceland,ISL,1983,74627.336
Iceland,ISL,1984,77682.39
Iceland,ISL,1985,76259.49
Iceland,ISL,1986,79152.24
Iceland,ISL,1987,80761.72
Iceland,ISL,1988,83876.32
Iceland,ISL,1989,85731.35
Iceland,ISL,1990,85104.05
Iceland,ISL,1991,82181.08
Iceland,ISL,1992,84010.95
Iceland,ISL,1993,86386.88
Iceland,ISL,1994,86596.03
Iceland,ISL,1995,88899.734
Iceland,ISL,1996,93572.67
Iceland,ISL,1997,97359.36
Iceland,ISL,1998,104224.27
Iceland,ISL,1999,112814.375
Iceland,ISL,2000,118131.695
Iceland,ISL,2001,117870.16
Iceland,ISL,2002,121384.805
Iceland,ISL,2003,121147.98
Iceland,ISL,2004,122464.85
Iceland,ISL,2005,120949.8
Iceland,ISL,2006,129596.77
Iceland,ISL,2007,144452.81
Iceland,ISL,2008,177787.05
Iceland,ISL,2009,176872.81
Iceland,ISL,2010,177223.72
Iceland,ISL,2011,176654.86
Iceland,ISL,2012,177335.03
Iceland,ISL,2013,181285.36
Iceland,ISL,2014,179012.8
Iceland,ISL,2015,184937.6
Iceland,ISL,2016,183095.9
Iceland,ISL,2017,187012.17
Iceland,ISL,2018,188342.58
Iceland,ISL,2019,175565.69
Iceland,ISL,2020,158421.69
Iceland,ISL,2021,162740.02
Iceland,ISL,2022,167531.62
Iceland,ISL,2023,165312.66
Iceland,ISL,2024,159676.39
Ireland,IRL,1965,23550.094
Ireland,IRL,1966,26240.732
Ireland,IRL,1967,28281.47
Ireland,IRL,1968,32787.957
Ireland,IRL,1969,32695.504
Ireland,IRL,1970,25597.258
Ireland,IRL,1971,26304.846
Ireland,IRL,1972,27369.965
Ireland,IRL,1973,28325.906
Ireland,IRL,1974,28382.97
Ireland,IRL,1975,26145.348
Ireland,IRL,1976,26290.86
Ireland,IRL,1977,27599.18
Ireland,IRL,1978,28268.697
Ireland,IRL,1979,30744.168
Ireland,IRL,1980,29404.793
Ireland,IRL,1981,28412.865
Ireland,IRL,1982,27992.15
Ireland,IRL,1983,27412.217
Ireland,IRL,1984,26979.043
Ireland,IRL,1985,28187.51
Ireland,IRL,1986,30351.934
Ireland,IRL,1987,30708.326
Ireland,IRL,1988,30693.938
Ireland,IRL,1989,31748.863
Ireland,IRL,1990,33547.477
Ireland,IRL,1991,34649.89
Ireland,IRL,1992,34571.2
Ireland,IRL,1993,35129.17
Ireland,IRL,1994,36470.65
Ireland,IRL,1995,37006.93
Ireland,IRL,1996,38762.234
Ireland,IRL,1997,39683.773
Ireland,IRL,1998,42253.375
Ireland,IRL,1999,44108.69
Ireland,IRL,2000,45587.06
Ireland,IRL,2001,47416.11
Ireland,IRL,2002,46164.363
Ireland,IRL,2003,44291.9
Ireland,IRL,2004,44357.832
Ireland,IRL,2005,45285.484
Ireland,IRL,2006,45515.26
Ireland,IRL,2007,44912.613
Ireland,IRL,2008,43776.055
Ireland,IRL,2009,38954.85
Ireland,IRL,2010,39108.832
Ireland,IRL,2011,37178.258
Ireland,IRL,2012,36405.145
Ireland,IRL,2013,35677.523
Ireland,IRL,2014,35325.18
Ireland,IRL,2015,36983.117
Ireland,IRL,2016,38268.473
Ireland,IRL,2017,37987.566
Ireland,IRL,2018,38347.99
Ireland,IRL,2019,38065.55
Ireland,IRL,2020,35439.918
Ireland,IRL,2021,35772.973
Ireland,IRL,2022,36487.48
Ireland,IRL,2023,34725.47
Ireland,IRL,2024,34593.98
Italy,ITA,1965,18035.14
Italy,ITA,1966,19420.695
Italy,ITA,1967,20863.756
Italy,ITA,1968,22385.43
Italy,ITA,1969,23935.73
Italy,ITA,1970,26261.807
Italy,ITA,1971,27486.805
Italy,ITA,1972,28634.213
Italy,ITA,1973,29675.035
Italy,ITA,1974,29465.531
Italy,ITA,1975,28665.332
Italy,ITA,1976,30092.428
Italy,ITA,1977,30052.44
Italy,ITA,1978,30667.773
Italy,ITA,1979,31517.723
Italy,ITA,1980,30557.152
Italy,ITA,1981,29792.107
Italy,ITA,1982,29162.83
Italy,ITA,1983,28526.531
Italy,ITA,1984,28948.076
Italy,ITA,1985,28786.316
Italy,ITA,1986,29555.652
Italy,ITA,1987,30427.41
Italy,ITA,1988,31157.166
Italy,ITA,1989,32029.633
Italy,ITA,1990,37737.582
Italy,ITA,1991,36630.78
Italy,ITA,1992,36780.156
Italy,ITA,1993,36187.42
Italy,ITA,1994,35948.75
Italy,ITA,1995,37758.72
Italy,ITA,1996,38073.223
Italy,ITA,1997,38427.555
Italy,ITA,1998,38487.336
Italy,ITA,1999,38694.242
Italy,ITA,2000,36668.406
Italy,ITA,2001,36587.203
Italy,ITA,2002,36598.094
Italy,ITA,2003,37583.36
Italy,ITA,2004,38239.617
Italy,ITA,2005,37986.016
Italy,ITA,2006,37816.105
Italy,ITA,2007,36801.336
Italy,ITA,2008,36098.61
Italy,ITA,2009,33300.1
Italy,ITA,2010,34277.355
Italy,ITA,2011,33467.977
Italy,ITA,2012,32379.41
Italy,ITA,2013,30716.307
Italy,ITA,2014,29940.508
Italy,ITA,2015,30350.078
Italy,ITA,2016,30333.92
Italy,ITA,2017,30594.736
Italy,ITA,2018,30853.664
Italy,ITA,2019,30599.51
Italy,ITA,2020,27764.078
Italy,ITA,2021,29887.174
Italy,ITA,2022,29444.67
Italy,ITA,2023,28246.553
Italy,ITA,2024,28584.518
Kazakhstan,KAZ,1985,49655.234
Kazakhstan,KAZ,1986,50068.605
Kazakhstan,KAZ,1987,50375.67
Kazakhstan,KAZ,1988,51424.16
Kazakhstan,KAZ,1989,49979.137
Kazakhstan,KAZ,1990,50100.41
Kazakhstan,KAZ,1991,49687.89
Kazakhstan,KAZ,1992,48894.812
Kazakhstan,KAZ,1993,43309.75
Kazakhstan,KAZ,1994,39100.562
Kazakhstan,KAZ,1995,35785.812
Kazakhstan,KAZ,1996,31749.574
Kazakhstan,KAZ,1997,28646.21
Kazakhstan,KAZ,1998,27671.828
Kazakhstan,KAZ,1999,26330.492
Kazakhstan,KAZ,2000,23852.965
Kazakhstan,KAZ,2001,26720.834
Kazakhstan,KAZ,2002,27077.492
Kazakhstan,KAZ,2003,29509.088
Kazakhstan,KAZ,2004,30953.795
Kazakhstan,KAZ,2005,31602.055
Kazakhstan,KAZ,2006,33743.17
Kazakhstan,KAZ,2007,37084.332
Kazakhstan,KAZ,2008,38683.312
Kazakhstan,KAZ,2009,34236.527
Kazakhstan,KAZ,2010,36301.137
Kazakhstan,KAZ,2011,40666.574
Kazakhstan,KAZ,2012,42173.152
Kazakhstan,KAZ,2013,41671.484
Kazakhstan,KAZ,2014,43168.984
Kazakhstan,KAZ,2015,35163.887
Kazakhstan,KAZ,2016,38735.684
Kazakhstan,KAZ,2017,41010.547
Kazakhstan,KAZ,2018,41684.305
Kazakhstan,KAZ,2019,41578.89
Kazakhstan,KAZ,2020,37774.996
Kazakhstan,KAZ,2021,41644.13
Kazakhstan,KAZ,2022,40893.367
Kazakhstan,KAZ,2023,41624.883
Kazakhstan,KAZ,2024,41865.195
Kosovo,OWID_KOS,2008,13495.893
Kosovo,OWID_KOS,2009,15199.542
Kosovo,OWID_KOS,2010,15077.887
Kosovo,OWID_KOS,2011,15186.068
Kosovo,OWID_KOS,2012,14999.254
Kosovo,OWID_KOS,2013,14216.857
Kosovo,OWID_KOS,2014,13214.047
Kosovo,OWID_KOS,2015,15408.185
Kosovo,OWID_KOS,2016,16056.002
Kosovo,OWID_KOS,2017,14364.315
Kosovo,OWID_KOS,2018,14571.582
Kosovo,OWID_KOS,2019,16139.251
Kosovo,OWID_KOS,2020,16199.065
Kosovo,OWID_KOS,2021,17771.857
Kosovo,OWID_KOS,2022,17638.7
Kosovo,OWID_KOS,2023,15770.582
Latvia,LVA,1985,41209.336
Latvia,LVA,1986,37991.066
Latvia,LVA,1987,34319.85
Latvia,LVA,1988,32069.686
Latvia,LVA,1989,31910.703
Latvia,LVA,1990,32558.719
Latvia,LVA,1991,30079.197
Latvia,LVA,1992,21914.455
Latvia,LVA,1993,19294.713
Latvia,LVA,1994,19003.898
Latvia,LVA,1995,18040.334
Latvia,LVA,1996,16983.69
Latvia,LVA,1997,17272.965
Latvia,LVA,1998,18987.28
Latvia,LVA,1999,16264.097
Latvia,LVA,2000,16068.618
Latvia,LVA,2001,17519.527
Latvia,LVA,2002,17873.787
Latvia,LVA,2003,17838.24
Latvia,LVA,2004,20282.883
Latvia,LVA,2005,21149.693
Latvia,LVA,2006,20249.385
Latvia,LVA,2007,21040.67
Latvia,LVA,2008,21398.684
Latvia,LVA,2009,20577.336
Latvia,LVA,2010,23815.148
Latvia,LVA,2011,21669.318
Latvia,LVA,2012,22749.254
Latvia,LVA,2013,22147.385
Latvia,LVA,2014,20567.852
Latvia,LVA,2015,21292.598
Latvia,LVA,2016,22950.191
Latvia,LVA,2017,25378.883
Latvia,LVA,2018,22825.79
Latvia,LVA,2019,23645.102
Latvia,LVA,2020,21682.367
Latvia,LVA,2021,22845.332
Latvia,LVA,2022,20474.271
Latvia,LVA,2023,21654.951
Latvia,LVA,2024,20722.363
Lithuania,LTU,1985,50722.402
Lithuania,LTU,1986,46393.746
Lithuania,LTU,1987,48152.83
Lithuania,LTU,1988,49914.766
Lithuania,LTU,1989,53724.773
Lithuania,LTU,1990,53062.188
Lithuania,LTU,1991,55805.35
Lithuania,LTU,1992,35524.79
Lithuania,LTU,1993,28100.664
Lithuania,LTU,1994,24378.572
Lithuania,LTU,1995,27396.791
Lithuania,LTU,1996,30085.943
Lithuania,LTU,1997,28106.1
Lithuania,LTU,1998,30396.541
Lithuania,LTU,1999,25028.938
Lithuania,LTU,2000,22425.547
Lithuania,LTU,2001,26014.41
Lithuania,LTU,2002,28448.023
Lithuania,LTU,2003,29933.268
Lithuania,LTU,2004,30611.701
Lithuania,LTU,2005,28395.758
Lithuania,LTU,2006,27434.281
Lithuania,LTU,2007,30665.432
Lithuania,LTU,2008,30585.244
Lithuania,LTU,2009,28460.291
Lithuania,LTU,2010,21369.94
Lithuania,LTU,2011,22682.41
Lithuania,LTU,2012,22966.498
Lithuania,LTU,2013,21436.043
Lithuania,LTU,2014,20866.352
Lithuania,LTU,2015,22063.78
Lithuania,LTU,2016,22908.295
Lithuania,LTU,2017,24440.611
Lithuania,LTU,2018,25323.756
Lithuania,LTU,2019,25257.848
Lithuania,LTU,2020,25143.193
Lithuania,LTU,2021,25102.79
Lithuania,LTU,2022,23098.156
Lithuania,LTU,2023,24025.424
Lithuania,LTU,2024,25660.39
Luxembourg,LUX,1965,126790.77
Luxembourg,LUX,1966,120261.26
Luxembourg,LUX,1967,117581.58
Luxembourg,LUX,1968,126608.11
Luxembourg,LUX,1969,135748.92
Luxembourg,LUX,1970,140512.92
Luxembourg,LUX,1971,134063.64
Luxembourg,LUX,1972,136598.55
Luxembourg,LUX,1973,143513.56
Luxembourg,LUX,1974,144818.7
Luxembourg,LUX,1975,119530.1
Luxembourg,LUX,1976,118981.74
Luxembourg,LUX,1977,110319.055
Luxembourg,LUX,1978,113884.26
Luxembourg,LUX,1979,116463.5
Luxembourg,LUX,1980,107121.336
Luxembourg,LUX,1981,91423.41
Luxembourg,LUX,1982,85520.92
Luxembourg,LUX,1983,79850.28
Luxembourg,LUX,1984,85935.19
Luxembourg,LUX,1985,88058.89
Luxembourg,LUX,1986,85676.836
Luxembourg,LUX,1987,80453.89
Luxembourg,LUX,1988,81789.19
Luxembourg,LUX,1989,93053.71
Luxembourg,LUX,1990,97329.25
Luxembourg,LUX,1991,103223.31
Luxembourg,LUX,1992,102157.375
Luxembourg,LUX,1993,102134.52
Luxembourg,LUX,1994,96896.62
Luxembourg,LUX,1995,83124.76
Luxembourg,LUX,1996,84342.805
Luxembourg,LUX,1997,81529.9
Luxembourg,LUX,1998,77772.3
Luxembourg,LUX,1999,81086.125
Luxembourg,LUX,2000,85302.95
Luxembourg,LUX,2001,90246.36
Luxembourg,LUX,2002,97632.016
Luxembourg,LUX,2003,101149.51
Luxembourg,LUX,2004,112981.05
Luxembourg,LUX,2005,112927.52
Luxembourg,LUX,2006,109177.46
Luxembourg,LUX,2007,104368.21
Luxembourg,LUX,2008,101761.266
Luxembourg,LUX,2009,95530.586
Luxembourg,LUX,2010,98766.18
Luxembourg,LUX,2011,94143.305
Luxembourg,LUX,2012,90315.195
Luxembourg,LUX,2013,84092.56
Luxembourg,LUX,2014,79589.086
Luxembourg,LUX,2015,75560.04
Luxembourg,LUX,2016,72765.09
Luxembourg,LUX,2017,74357.836
Luxembourg,LUX,2018,76353.01
Luxembourg,LUX,2019,76250.83
Luxembourg,LUX,2020,64289.547
Luxembourg,LUX,2021,67493.58
Luxembourg,LUX,2022,59423.344
Luxembourg,LUX,2023,56679.46
Luxembourg,LUX,2024,59047.88
Malta,MLT,1980,16076.346
Malta,MLT,1981,17574.09
Malta,MLT,1982,18553.201
Malta,MLT,1983,13087.896
Malta,MLT,1984,18384.707
Malta,MLT,1985,12575.711
Malta,MLT,1986,16329.653
Malta,MLT,1987,18085.92
Malta,MLT,1988,20004.762
Malta,MLT,1989,20421.025
Malta,MLT,1990,22033.674
Malta,MLT,1991,22997.986
Malta,MLT,1992,23947.59
Malta,MLT,1993,25050.432
Malta,MLT,1994,26590.453
Malta,MLT,1995,25594.115
Malta,MLT,1996,26337.684
Malta,MLT,1997,27874.633
Malta,MLT,1998,28964.922
Malta,MLT,1999,31861.633
Malta,MLT,2000,46297.684
Malta,MLT,2001,50635.2
Malta,MLT,2002,49065.758
Malta,MLT,2003,56651.1
Malta,MLT,2004,59101.79
Malta,MLT,2005,50114.06
Malta,MLT,2006,50950.824
Malta,MLT,2007,55272.4
Malta,MLT,2008,57001.21
Malta,MLT,2009,60474.445
Malta,MLT,2010,71871.52
Malta,MLT,2011,67998.92
Malta,MLT,2012,64478.266
Malta,MLT,2013,60896.258
Malta,MLT,2014,61302.926
Malta,MLT,2015,65432.043
Malta,MLT,2016,71012.43
Malta,MLT,2017,78640.64
Malta,MLT,2018,79115.16
Malta,MLT,2019,79262.11
Malta,MLT,2020,71572.87
Malta,MLT,2021,67572.73
Malta,MLT,2022,71835.62
Malta,MLT,2023,71107.69
Moldova,MDA,1992,13858.922
Moldova,MDA,1993,10260.907
Moldova,MDA,1994,7191.3955
Moldova,MDA,1995,7372.2876
Moldova,MDA,1996,8482.272
Moldova,MDA,1997,9410.57
Moldova,MDA,1998,8812.478
Moldova,MDA,1999,7242.8047
Moldova,MDA,2000,7592.8037
Moldova,MDA,2001,7669.3545
Moldova,MDA,2002,8401.969
Moldova,MDA,2003,9454.323
Moldova,MDA,2004,8927.952
Moldova,MDA,2005,9927.586
Moldova,MDA,2006,10696.137
Moldova,MDA,2007,9459.463
Moldova,MDA,2008,9947.718
Moldova,MDA,2009,9140.857
Moldova,MDA,2010,8803.365
Moldova,MDA,2011,9124.393
Moldova,MDA,2012,12861.652
Moldova,MDA,2013,12900.738
Moldova,MDA,2014,12572.957
Moldova,MDA,2015,11441.152
Moldova,MDA,2016,11629.28
Moldova,MDA,2017,11959.887
Moldova,MDA,2018,12921.51
Moldova,MDA,2019,13243.286
Moldova,MDA,2020,12957.657
Moldova,MDA,2021,14385.653
Moldova,MDA,2022,12261.839
Moldova,MDA,2023,11903.726
Montenegro,MNE,2006,19364.283
Montenegro,MNE,2007,18849.15
Montenegro,MNE,2008,20630.123
Montenegro,MNE,2009,15405.96
Montenegro,MNE,2010,18621.549
Montenegro,MNE,2011,18448.959
Montenegro,MNE,2012,17150.955
Montenegro,MNE,2013,15910.187
Montenegro,MNE,2014,15636.253
Montenegro,MNE,2015,17168.646
Montenegro,MNE,2016,16356.96
Montenegro,MNE,2017,17004.28
Montenegro,MNE,2018,18089.064
Montenegro,MNE,2019,18504.979
Montenegro,MNE,2020,16967.13
Montenegro,MNE,2021,18423.676
Montenegro,MNE,2022,18506.336
Montenegro,MNE,2023,18582.63
Netherlands,NLD,1965,33652.184
Netherlands,NLD,1966,35571.836
Netherlands,NLD,1967,37183.23
Netherlands,NLD,1968,41158.406
Netherlands,NLD,1969,45365.22
Netherlands,NLD,1970,50551.15
Netherlands,NLD,1971,52676.65
Netherlands,NLD,1972,60567.453
Netherlands,NLD,1973,63899.08
Netherlands,NLD,1974,60175.305
Netherlands,NLD,1975,60149.383
Netherlands,NLD,1976,65093.688
Netherlands,NLD,1977,63547.434
Netherlands,NLD,1978,64439.277
Netherlands,NLD,1979,66111.09
Netherlands,NLD,1980,61584.023
Netherlands,NLD,1981,57990.46
Netherlands,NLD,1982,53329.223
Netherlands,NLD,1983,53349.47
Netherlands,NLD,1984,55132.37
Netherlands,NLD,1985,56596.094
Netherlands,NLD,1986,59046.316
Netherlands,NLD,1987,59859.92
Netherlands,NLD,1988,59650.305
Netherlands,NLD,1989,59543.7
Netherlands,NLD,1990,60590.89
Netherlands,NLD,1991,61237.723
Netherlands,NLD,1992,61473.492
Netherlands,NLD,1993,61532.39
Netherlands,NLD,1994,60496.05
Netherlands,NLD,1995,62637.953
Netherlands,NLD,1996,65032.52
Netherlands,NLD,1997,63525.477
Netherlands,NLD,1998,63558.168
Netherlands,NLD,1999,62344.133
Netherlands,NLD,2000,62695.977
Netherlands,NLD,2001,64609.547
Netherlands,NLD,2002,64222.574
Netherlands,NLD,2003,64341.766
Netherlands,NLD,2004,66283.53
Netherlands,NLD,2005,67549.0
Netherlands,NLD,2006,66059.516
Netherlands,NLD,2007,66995.336
Netherlands,NLD,2008,65937.92
Netherlands,NLD,2009,64689.61
Netherlands,NLD,2010,69801.12
Netherlands,NLD,2011,66173.4
Netherlands,NLD,2012,64776.062
Netherlands,NLD,2013,62644.008
Netherlands,NLD,2014,59678.543
Netherlands,NLD,2015,60001.3
Netherlands,NLD,2016,60683.61
Netherlands,NLD,2017,60761.145
Netherlands,NLD,2018,58901.457
Netherlands,NLD,2019,58248.688
Netherlands,NLD,2020,56095.61
Netherlands,NLD,2021,57247.258
Netherlands,NLD,2022,53288.39
Netherlands,NLD,2023,51949.645
Netherlands,NLD,2024,50824.402
North Macedonia,MKD,1990,14372.1045
North Macedonia,MKD,1991,14322.663
North Macedonia,MKD,1992,14876.61
North Macedonia,MKD,1993,15088.036
North Macedonia,MKD,1994,14273.225
North Macedonia,MKD,1995,14336.097
North Macedonia,MKD,1996,16536.37
North Macedonia,MKD,1997,14815.951
North Macedonia,MKD,1998,16649.197
North Macedonia,MKD,1999,15870.394
North Macedonia,MKD,2000,14994.607
North Macedonia,MKD,2001,14046.638
North Macedonia,MKD,2002,13671.603
North Macedonia,MKD,2003,15362.422
North Macedonia,MKD,2004,15133.405
North Macedonia,MKD,2005,15591.887
North Macedonia,MKD,2006,15883.402
North Macedonia,MKD,2007,15791.787
North Macedonia,MKD,2008,15354.295
North Macedonia,MKD,2009,15111.765
North Macedonia,MKD,2010,16523.738
North Macedonia,MKD,2011,16560.482
North Macedonia,MKD,2012,15466.217
North Macedonia,MKD,2013,14960.775
North Macedonia,MKD,2014,13996.478
North Macedonia,MKD,2015,14884.378
North Macedonia,MKD,2016,15598.139
North Macedonia,MKD,2017,15164.8545
North Macedonia,MKD,2018,15849.292
North Macedonia,MKD,2019,16366.357
North Macedonia,MKD,2020,14801.113
North Macedonia,MKD,2021,15665.124
North Macedonia,MKD,2022,16701.213
North Macedonia,MKD,2023,17752.902
North Macedonia,MKD,2024,16219.917
Norway,NOR,1965,57860.05
Norway,NOR,1966,58727.99
Norway,NOR,1967,62546.28
Norway,NOR,1968,69486.48
Norway,NOR,1969,69026.65
Norway,NOR,1970,71710.055
Norway,NOR,1971,74912.13
Norway,NOR,1972,78835.555
Norway,NOR,1973,82953.39
Norway,NOR,1974,83193.98
Norway,NOR,1975,83945.08
Norway,NOR,1976,89367.664
Norway,NOR,1977,81956.71
Norway,NOR,1978,91618.695
Norway,NOR,1979,97780.05
Norway,NOR,1980,92740.72
Norway,NOR,1981,97610.54
Norway,NOR,1982,96112.32
Norway,NOR,1983,105312.27
Norway,NOR,1984,106333.31
Norway,NOR,1985,104865.9
Norway,NOR,1986,101947.97
Norway,NOR,1987,106608.555
Norway,NOR,1988,109300.46
Norway,NOR,1989,115968.24
Norway,NOR,1990,116215.914
Norway,NOR,1991,107144.06
Norway,NOR,1992,111569.01
Norway,NOR,1993,113774.93
Norway,NOR,1994,109623.22
Norway,NOR,1995,116855.484
Norway,NOR,1996,106642.83
Norway,NOR,1997,111237.55
Norway,NOR,1998,115044.42
Norway,NOR,1999,117802.125
Norway,NOR,2000,129858.625
Norway,NOR,2001,115019.92
Norway,NOR,2002,119752.21
Norway,NOR,2003,105140.305
Norway,NOR,2004,105950.95
Norway,NOR,2005,120792.13
Norway,NOR,2006,109687.39
Norway,NOR,2007,117374.9
Norway,NOR,2008,117427.766
Norway,NOR,2009,106436.7
Norway,NOR,2010,101844.125
Norway,NOR,2011,101764.83
Norway,NOR,2012,111775.836
Norway,NOR,2013,102996.664
Norway,NOR,2014,105489.086
Norway,NOR,2015,105836.88
Norway,NOR,2016,106500.5
Norway,NOR,2017,106154.73
Norway,NOR,2018,103850.73
Norway,NOR,2019,96479.19
Norway,NOR,2020,103430.57
Norway,NOR,2021,105249.945
Norway,NOR,2022,97780.37
Norway,NOR,2023,99923.81
Norway,NOR,2024,99634.31
Poland,POL,1965,24803.275
Poland,POL,1966,25062.441
Poland,POL,1967,25583.883
Poland,POL,1968,27319.54
Poland,POL,1969,28959.95
Poland,POL,1970,30357.746
Poland,POL,1971,31098.662
Poland,POL,1972,32531.9
Poland,POL,1973,32851.977
Poland,POL,1974,33625.848
Poland,POL,1975,35927.895
Poland,POL,1976,37482.473
Poland,POL,1977,38708.434
Poland,POL,1978,40286.07
Poland,POL,1979,40519.664
Poland,POL,1980,42039.812
Poland,POL,1981,37560.953
Poland,POL,1982,37894.758
Poland,POL,1983,37714.918
Poland,POL,1984,38853.434
Poland,POL,1985,39419.594
Poland,POL,1986,40257.805
Poland,POL,1987,41327.633
Poland,POL,1988,40375.24
Poland,POL,1989,38734.78
Poland,POL,1990,31804.375
Poland,POL,1991,31037.29
Poland,POL,1992,29617.81
Poland,POL,1993,29556.105
Poland,POL,1994,28248.781
Poland,POL,1995,28899.574
Poland,POL,1996,30343.46
Poland,POL,1997,30054.537
Poland,POL,1998,28810.39
Poland,POL,1999,28278.568
Poland,POL,2000,26596.332
Poland,POL,2001,26418.986
Poland,POL,2002,26146.867
Poland,POL,2003,27070.973
Poland,POL,2004,27280.193
Poland,POL,2005,27854.531
Poland,POL,2006,29165.352
Poland,POL,2007,29053.967
Poland,POL,2008,29593.398
Poland,POL,2009,28556.041
Poland,POL,2010,30377.729
Poland,POL,2011,30429.385
Poland,POL,2012,29489.93
Poland,POL,2013,29569.78
Poland,POL,2014,28468.607
Poland,POL,2015,28824.648
Poland,POL,2016,30061.346
Poland,POL,2017,31585.154
Poland,POL,2018,31957.33
Poland,POL,2019,31059.262
Poland,POL,2020,29845.54
Poland,POL,2021,32196.334
Poland,POL,2022,30919.512
Poland,POL,2023,29225.926
Poland,POL,2024,29205.824
Portugal,PRT,1965,5605.3325
Portugal,PRT,1966,6148.9673
Portugal,PRT,1967,6594.4985
Portugal,PRT,1968,6742.259
Portugal,PRT,1969,7351.33
Portugal,PRT,1970,8868.126
Portugal,PRT,1971,9746.155
Portugal,PRT,1972,10439.133
Portugal,PRT,1973,11379.448
Portugal,PRT,1974,11754.075
Portugal,PRT,1975,11525.117
Portugal,PRT,1976,11248.904
Portugal,PRT,1977,12579.005
Portugal,PRT,1978,13084.207
Portugal,PRT,1979,13722.89
Portugal,PRT,1980,13192.308
Portugal,PRT,1981,12854.989
Portugal,PRT,1982,13843.989
Portugal,PRT,1983,14278.382
Portugal,PRT,1984,14826.565
Portugal,PRT,1985,15094.375
Portugal,PRT,1986,15954.541
Portugal,PRT,1987,16312.971
Portugal,PRT,1988,18095.79
Portugal,PRT,1989,19544.494
Portugal,PRT,1990,20286.498
Portugal,PRT,1991,21113.816
Portugal,PRT,1992,21550.443
Portugal,PRT,1993,22072.75
Portugal,PRT,1994,22995.904
Portugal,PRT,1995,24403.65
Portugal,PRT,1996,25066.492
Portugal,PRT,1997,25357.215
Portugal,PRT,1998,27510.383
Portugal,PRT,1999,27907.893
Portugal,PRT,2000,28593.107
Portugal,PRT,2001,28855.318
Portugal,PRT,2002,28511.492
Portugal,PRT,2003,29191.654
Portugal,PRT,2004,28503.047
Portugal,PRT,2005,28397.916
Portugal,PRT,2006,28113.924
Portugal,PRT,2007,28206.701
Portugal,PRT,2008,27025.984
Portugal,PRT,2009,27252.889
Portugal,PRT,2010,28746.99
Portugal,PRT,2011,27453.758
Portugal,PRT,2012,25155.795
Portugal,PRT,2013,27696.83
Portugal,PRT,2014,28038.432
Portugal,PRT,2015,27918.504
Portugal,PRT,2016,29949.295
Portugal,PRT,2017,29221.047
Portugal,PRT,2018,29450.785
Portugal,PRT,2019,28333.217
Portugal,PRT,2020,25577.088
Portugal,PRT,2021,25646.334
Portugal,PRT,2022,25206.664
Portugal,PRT,2023,25498.7
Portugal,PRT,2024,25921.791
Romania,ROU,1965,14894.458
Romania,ROU,1966,15832.22
Romania,ROU,1967,17460.98
Romania,ROU,1968,18231.438
Romania,ROU,1969,20597.695
Romania,ROU,1970,21587.992
Romania,ROU,1971,22596.684
Romania,ROU,1972,23510.693
Romania,ROU,1973,25282.03
Romania,ROU,1974,25173.83
Romania,ROU,1975,27153.89
Romania,ROU,1976,28949.285
Romania,ROU,1977,30411.758
Romania,ROU,1978,32501.912
Romania,ROU,1979,32916.832
Romania,ROU,1980,33033.355
Romania,ROU,1981,32936.477
Romania,ROU,1982,32504.658
Romania,ROU,1983,32156.234
Romania,ROU,1984,31818.518
Romania,ROU,1985,31624.783
Romania,ROU,1986,32198.066
Romania,ROU,1987,33286.32
Romania,ROU,1988,33798.848
Romania,ROU,1989,33750.84
Romania,ROU,1990,32050.145
Romania,ROU,1991,27211.963
Romania,ROU,1992,24033.893
Romania,ROU,1993,23431.217
Romania,ROU,1994,22185.154
Romania,ROU,1995,24486.252
Romania,ROU,1996,24461.168
Romania,ROU,1997,23350.738
Romania,ROU,1998,21487.428
Romania,ROU,1999,19000.63
Romania,ROU,2000,19065.902
Romania,ROU,2001,19393.555
Romania,ROU,2002,20271.309
Romania,ROU,2003,20434.184
Romania,ROU,2004,21456.91
Romania,ROU,2005,21705.584
Romania,ROU,2006,22229.31
Romania,ROU,2007,21609.418
Romania,ROU,2008,21709.68
Romania,ROU,2009,19056.42
Romania,ROU,2010,19401.56
Romania,ROU,2011,20133.164
Romania,ROU,2012,19512.025
Romania,ROU,2013,18420.879
Romania,ROU,2014,18986.027
Romania,ROU,2015,19180.48
Romania,ROU,2016,19269.059
Romania,ROU,2017,19702.773
Romania,ROU,2018,20004.775
Romania,ROU,2019,19681.396
Romania,ROU,2020,19053.2
Romania,ROU,2021,20261.834
Romania,ROU,2022,18791.148
Romania,ROU,2023,18796.941
Romania,ROU,2024,18694.158
Russia,RUS,1985,66554.15
Russia,RUS,1986,67154.22
Russia,RUS,1987,68715.734
Russia,RUS,1988,69338.69
Russia,RUS,1989,69164.42
Russia,RUS,1990,67634.14
Russia,RUS,1991,66502.16
Russia,RUS,1992,64241.723
Russia,RUS,1993,60209.305
Russia,RUS,1994,54914.87
Russia,RUS,1995,51938.5
Russia,RUS,1996,50060.594
Russia,RUS,1997,47418.508
Russia,RUS,1998,47400.15
Russia,RUS,1999,48128.516
Russia,RUS,2000,49169.844
Russia,RUS,2001,50153.324
Russia,RUS,2002,50010.18
Russia,RUS,2003,51088.902
Russia,RUS,2004,51757.01
Russia,RUS,2005,51894.97
Russia,RUS,2006,54384.29
Russia,RUS,2007,54763.992
Russia,RUS,2008,55034.594
Russia,RUS,2009,52284.95
Russia,RUS,2010,54290.234
Russia,RUS,2011,56097.88
Russia,RUS,2012,56333.117
Russia,RUS,2013,55548.39
Russia,RUS,2014,55599.285
Russia,RUS,2015,54577.7
Russia,RUS,2016,55468.086
Russia,RUS,2017,55653.06
Russia,RUS,2018,57585.2
Russia,RUS,2019,57120.42
Russia,RUS,2020,55172.793
Russia,RUS,2021,57127.566
Russia,RUS,2022,59257.91
Russia,RUS,2023,60237.03
Russia,RUS,2024,62485.312
Serbia,SRB,2006,24499.482
Serbia,SRB,2007,24744.312
Serbia,SRB,2008,24936.412
Serbia,SRB,2009,23584.72
Serbia,SRB,2010,24182.895
Serbia,SRB,2011,25392.164
Serbia,SRB,2012,23840.121
Serbia,SRB,2013,23679.709
Serbia,SRB,2014,20779.764
Serbia,SRB,2015,23759.521
Serbia,SRB,2016,24436.857
Serbia,SRB,2017,25638.635
Serbia,SRB,2018,25794.066
Serbia,SRB,2019,25990.816
Serbia,SRB,2020,25773.5
Serbia,SRB,2021,27246.262
Serbia,SRB,2022,26257.111
Serbia,SRB,2023,26332.174
Slovakia,SVK,1965,24475.344
Slovakia,SVK,1966,25120.041
Slovakia,SVK,1967,25058.86
Slovakia,SVK,1968,27468.2
Slovakia,SVK,1969,28501.72
Slovakia,SVK,1970,31316.26
Slovakia,SVK,1971,33312.78
Slovakia,SVK,1972,34733.25
Slovakia,SVK,1973,35794.035
Slovakia,SVK,1974,37295.07
Slovakia,SVK,1975,38632.367
Slovakia,SVK,1976,39665.297
Slovakia,SVK,1977,41267.395
Slovakia,SVK,1978,42869.816
Slovakia,SVK,1979,43679.594
Slovakia,SVK,1980,44015.7
Slovakia,SVK,1981,43338.844
Slovakia,SVK,1982,42562.543
Slovakia,SVK,1983,42394.934
Slovakia,SVK,1984,45375.95
Slovakia,SVK,1985,46526.8
Slovakia,SVK,1986,45866.668
Slovakia,SVK,1987,46669.75
Slovakia,SVK,1988,46689.54
Slovakia,SVK,1989,47176.992
Slovakia,SVK,1990,47161.055
Slovakia,SVK,1991,42042.316
Slovakia,SVK,1992,40279.746
Slovakia,SVK,1993,39422.043
Slovakia,SVK,1994,38711.277
Slovakia,SVK,1995,39174.08
Slovakia,SVK,1996,39385.582
Slovakia,SVK,1997,38608.91
Slovakia,SVK,1998,38982.08
Slovakia,SVK,1999,39287.695
Slovakia,SVK,2000,40566.387
Slovakia,SVK,2001,41743.79
Slovakia,SVK,2002,42104.883
Slovakia,SVK,2003,40899.35
Slovakia,SVK,2004,40000.277
Slovakia,SVK,2005,42082.98
Slovakia,SVK,2006,40949.367
Slovakia,SVK,2007,38428.33
Slovakia,SVK,2008,39450.38
Slovakia,SVK,2009,35713.12
Slovakia,SVK,2010,38113.008
Slovakia,SVK,2011,36622.363
Slovakia,SVK,2012,35133.703
Slovakia,SVK,2013,35965.223
Slovakia,SVK,2014,33446.344
Slovakia,SVK,2015,33760.246
Slovakia,SVK,2016,34039.95
Slovakia,SVK,2017,35799.367
Slovakia,SVK,2018,35143.78
Slovakia,SVK,2019,33913.332
Slovakia,SVK,2020,33203.387
Slovakia,SVK,2021,35868.37
Slovakia,SVK,2022,32867.98
Slovakia,SVK,2023,33405.19
Slovakia,SVK,2024,32882.68
Slovenia,SVN,1990,34608.984
Slovenia,SVN,1991,34650.098
Slovenia,SVN,1992,32439.707
Slovenia,SVN,1993,33455.08
Slovenia,SVN,1994,35644.63
Slovenia,SVN,1995,37397.617
Slovenia,SVN,1996,39269.395
Slovenia,SVN,1997,40198.957
Slovenia,SVN,1998,40394.176
Slovenia,SVN,1999,39923.93
Slovenia,SVN,2000,39492.625
Slovenia,SVN,2001,41328.18
Slovenia,SVN,2002,41073.066
Slovenia,SVN,2003,40269.707
Slovenia,SVN,2004,42709.363
Slovenia,SVN,2005,42720.215
Slovenia,SVN,2006,42848.508
Slovenia,SVN,2007,42389.49
Slovenia,SVN,2008,46247.805
Slovenia,SVN,2009,42449.91
Slovenia,SVN,2010,42338.94
Slovenia,SVN,2011,41018.535
Slovenia,SVN,2012,39769.223
Slovenia,SVN,2013,39280.562
Slovenia,SVN,2014,40255.164
Slovenia,SVN,2015,36270.613
Slovenia,SVN,2016,38740.152
Slovenia,SVN,2017,39139.125
Slovenia,SVN,2018,39812.316
Slovenia,SVN,2019,38399.168
Slovenia,SVN,2020,36764.934
Slovenia,SVN,2021,36234.727
Slovenia,SVN,2022,33377.797
Slovenia,SVN,2023,34819.645
Slovenia,SVN,2024,37360.676
Spain,ESP,1965,10507.617
Spain,ESP,1966,11760.117
Spain,ESP,1967,12539.085
Spain,ESP,1968,13054.5
Spain,ESP,1969,14634.419
Spain,ESP,1970,15637.919
Spain,ESP,1971,17044.62
Spain,ESP,1972,18227.129
Spain,ESP,1973,19733.938
Spain,ESP,1974,20286.531
Spain,ESP,1975,20584.246
Spain,ESP,1976,21763.398
Spain,ESP,1977,22331.918
Spain,ESP,1978,22209.182
Spain,ESP,1979,23710.531
Spain,ESP,1980,23630.098
Spain,ESP,1981,23648.594
Spain,ESP,1982,23491.936
Spain,ESP,1983,23918.848
Spain,ESP,1984,24184.328
Spain,ESP,1985,23892.525
Spain,ESP,1986,24310.701
Spain,ESP,1987,25130.277
Spain,ESP,1988,26180.39
Spain,ESP,1989,27373.81
Spain,ESP,1990,27344.383
Spain,ESP,1991,28226.254
Spain,ESP,1992,29404.31
Spain,ESP,1993,28283.867
Spain,ESP,1994,29471.383
Spain,ESP,1995,30445.111
Spain,ESP,1996,31477.406
Spain,ESP,1997,32594.49
Spain,ESP,1998,33915.09
Spain,ESP,1999,35324.004
Spain,ESP,2000,37185.68
Spain,ESP,2001,38478.723
Spain,ESP,2002,38668.39
Spain,ESP,2003,39871.066
Spain,ESP,2004,40348.723
Spain,ESP,2005,40272.402
Spain,ESP,2006,39893.7
Spain,ESP,2007,40170.227
Spain,ESP,2008,38382.004
Spain,ESP,2009,35426.023
Spain,ESP,2010,36130.03
Spain,ESP,2011,35349.47
Spain,ESP,2012,35039.766
Spain,ESP,2013,33685.816
Spain,ESP,2014,33266.54
Spain,ESP,2015,33697.95
Spain,ESP,2016,33871.598
Spain,ESP,2017,34181.582
Spain,ESP,2018,34584.29
Spain,ESP,2019,33390.26
Spain,ESP,2020,29844.283
Spain,ESP,2021,32091.293
Spain,ESP,2022,33289.133
Spain,ESP,2023,32760.994
Spain,ESP,2024,33901.656
Sweden,SWE,1965,50815.094
Sweden,SWE,1966,53684.027
Sweden,SWE,1967,54563.34
Sweden,SWE,1968,57930.145
Sweden,SWE,1969,57521.008
Sweden,SWE,1970,60492.574
Sweden,SWE,1971,61165.125
Sweden,SWE,1972,62816.28
Sweden,SWE,1973,66342.695
Sweden,SWE,1974,61214.39
Sweden,SWE,1975,64628.273
Sweden,SWE,1976,68440.61
Sweden,SWE,1977,67303.62
Sweden,SWE,1978,78039.96
Sweden,SWE,1979,82123.555
Sweden,SWE,1980,77135.09
Sweden,SWE,1981,76448.516
Sweden,SWE,1982,72658.68
Sweden,SWE,1983,72201.234
Sweden,SWE,1984,76371.26
Sweden,SWE,1985,82826.97
Sweden,SWE,1986,85655.28
Sweden,SWE,1987,83579.48
Sweden,SWE,1988,81306.31
Sweden,SWE,1989,78987.44
Sweden,SWE,1990,75270.34
Sweden,SWE,1991,74519.98
Sweden,SWE,1992,75337.34
Sweden,SWE,1993,74231.83
Sweden,SWE,1994,74005.15
Sweden,SWE,1995,75529.91
Sweden,SWE,1996,73551.98
Sweden,SWE,1997,76127.05
Sweden,SWE,1998,79713.69
Sweden,SWE,1999,77901.97
Sweden,SWE,2000,73464.34
Sweden,SWE,2001,78209.86
Sweden,SWE,2002,72769.65
Sweden,SWE,2003,68007.12
Sweden,SWE,2004,73894.945
Sweden,SWE,2005,74532.34
Sweden,SWE,2006,69394.23
Sweden,SWE,2007,70079.53
Sweden,SWE,2008,69259.43
Sweden,SWE,2009,62353.945
Sweden,SWE,2010,66295.58
Sweden,SWE,2011,64768.62
Sweden,SWE,2012,67781.51
Sweden,SWE,2013,62865.043
Sweden,SWE,2014,61958.484
Sweden,SWE,2015,63479.047
Sweden,SWE,2016,61411.2
Sweden,SWE,2017,62771.066
Sweden,SWE,2018,59869.38
Sweden,SWE,2019,60882.55
Sweden,SWE,2020,57977.38
Sweden,SWE,2021,60836.348
Sweden,SWE,2022,59279.207
Sweden,SWE,2023,56802.957
Sweden,SWE,2024,57509.574
Switzerland,CHE,1965,31157.002
Switzerland,CHE,1966,33137.074
Switzerland,CHE,1967,34955.44
Switzerland,CHE,1968,36255.668
Switzerland,CHE,1969,37085.28
Switzerland,CHE,1970,40295.88
Switzerland,CHE,1971,41017.473
Switzerland,CHE,1972,40098.703
Switzerland,CHE,1973,44019.824
Switzerland,CHE,1974,41856.484
Switzerland,CHE,1975,43470.125
Switzerland,CHE,1976,41750.855
Switzerland,CHE,1977,46549.434
Switzerland,CHE,1978,45843.28
Switzerland,CHE,1979,45592.14
Switzerland,CHE,1980,48612.96
Switzerland,CHE,1981,48302.277
Switzerland,CHE,1982,47051.188
Switzerland,CHE,1983,48720.996
Switzerland,CHE,1984,47036.082
Switzerland,CHE,1985,50035.336
Switzerland,CHE,1986,52248.51
Switzerland,CHE,1987,51615.18
Switzerland,CHE,1988,51627.258
Switzerland,CHE,1989,47859.973
Switzerland,CHE,1990,49399.234
Switzerland,CHE,1991,50106.68
Switzerland,CHE,1992,50334.934
Switzerland,CHE,1993,49793.703
Switzerland,CHE,1994,51901.15
Switzerland,CHE,1995,48859.637
Switzerland,CHE,1996,46987.613
Switzerland,CHE,1997,50121.055
Switzerland,CHE,1998,50254.688
Switzerland,CHE,1999,52270.39
Switzerland,CHE,2000,50714.938
Switzerland,CHE,2001,53847.977
Switzerland,CHE,2002,49767.43
Switzerland,CHE,2003,48866.387
Switzerland,CHE,2004,48367.953
Switzerland,CHE,2005,45854.402
Switzerland,CHE,2006,46813.234
Switzerland,CHE,2007,47034.438
Switzerland,CHE,2008,47442.336
Switzerland,CHE,2009,45880.383
Switzerland,CHE,2010,45935.188
Switzerland,CHE,2011,42318.344
Switzerland,CHE,2012,44264.0
Switzerland,CHE,2013,44387.24
Switzerland,CHE,2014,42054.887
Switzerland,CHE,2015,40599.23
Switzerland,CHE,2016,37761.055
Switzerland,CHE,2017,37498.082
Switzerland,CHE,2018,37746.01
Switzerland,CHE,2019,39166.934
Switzerland,CHE,2020,35831.17
Switzerland,CHE,2021,33316.562
Switzerland,CHE,2022,33835.207
Switzerland,CHE,2023,35766.453
Switzerland,CHE,2024,38025.83
Turkey,TUR,1965,2826.7966
Turkey,TUR,1966,3162.2532
Turkey,TUR,1967,3187.732
Turkey,TUR,1968,3620.2905
Turkey,TUR,1969,3856.816
Turkey,TUR,1970,4003.5212
Turkey,TUR,1971,4328.0806
Turkey,TUR,1972,4720.9185
Turkey,TUR,1973,5227.6943
Turkey,TUR,1974,5214.504
Turkey,TUR,1975,5692.283
Turkey,TUR,1976,6281.503
Turkey,TUR,1977,6735.1284
Turkey,TUR,1978,6988.749
Turkey,TUR,1979,6453.811
Turkey,TUR,1980,6573.5635
Turkey,TUR,1981,6502.196
Turkey,TUR,1982,6945.618
Turkey,TUR,1983,7011.983
Turkey,TUR,1984,7215.545
Turkey,TUR,1985,7617.1733
Turkey,TUR,1986,8125.164
Turkey,TUR,1987,9075.704
Turkey,TUR,1988,9782.754
Turkey,TUR,1989,9415.124
Turkey,TUR,1990,10020.523
Turkey,TUR,1991,10053.146
Turkey,TUR,1992,10394.637
Turkey,TUR,1993,11105.725
Turkey,TUR,1994,10569.057
Turkey,TUR,1995,11636.42
Turkey,TUR,1996,12504.012
Turkey,TUR,1997,12891.698
Turkey,TUR,1998,13033.552
Turkey,TUR,1999,12523.523
Turkey,TUR,2000,13198.735
Turkey,TUR,2001,11841.918
Turkey,TUR,2002,12814.346
Turkey,TUR,2003,13406.965
Turkey,TUR,2004,14197.467
Turkey,TUR,2005,14367.83
Turkey,TUR,2006,15776.228
Turkey,TUR,2007,16589.54
Turkey,TUR,2008,16442.74
Turkey,TUR,2009,16459.547
Turkey,TUR,2010,17085.506
Turkey,TUR,2011,18015.533
Turkey,TUR,2012,18897.527
Turkey,TUR,2013,18483.398
Turkey,TUR,2014,18636.94
Turkey,TUR,2015,19859.234
Turkey,TUR,2016,20443.309
Turkey,TUR,2017,21512.55
Turkey,TUR,2018,21179.322
Turkey,TUR,2019,21663.299
Turkey,TUR,2020,21161.5
Turkey,TUR,2021,22505.564
Turkey,TUR,2022,22617.557
Turkey,TUR,2023,22476.043
Turkey,TUR,2024,23927.826
Ukraine,UKR,1985,54406.703
Ukraine,UKR,1986,54423.527
Ukraine,UKR,1987,55371.176
Ukraine,UKR,1988,55202.676
Ukraine,UKR,1989,52622.72
Ukraine,UKR,1990,61372.645
Ukraine,UKR,1991,57399.133
Ukraine,UKR,1992,48363.44
Ukraine,UKR,1993,42373.89
Ukraine,UKR,1994,36405.477
Ukraine,UKR,1995,35802.496
Ukraine,UKR,1996,33656.12
Ukraine,UKR,1997,32742.49
Ukraine,UKR,1998,31851.186
Ukraine,UKR,1999,31626.572
Ukraine,UKR,2000,31992.809
Ukraine,UKR,2001,31826.52
Ukraine,UKR,2002,31908.885
Ukraine,UKR,2003,32948.844
Ukraine,UKR,2004,33053.113
Ukraine,UKR,2005,33739.07
Ukraine,UKR,2006,34358.633
Ukraine,UKR,2007,34377.082
Ukraine,UKR,2008,33363.53
Ukraine,UKR,2009,28538.205
Ukraine,UKR,2010,30715.402
Ukraine,UKR,2011,31846.53
Ukraine,UKR,2012,31226.742
Ukraine,UKR,2013,29691.408
Ukraine,UKR,2014,26284.715
Ukraine,UKR,2015,21915.693
Ukraine,UKR,2016,23017.719
Ukraine,UKR,2017,21466.02
Ukraine,UKR,2018,22384.719
Ukraine,UKR,2019,21301.547
Ukraine,UKR,2020,20556.209
Ukraine,UKR,2021,21105.271
Ukraine,UKR,2022,15074.283
Ukraine,UKR,2023,15586.6875
Ukraine,UKR,2024,15875.597
United Kingdom,GBR,1965,42609.754
United Kingdom,GBR,1966,42568.684
United Kingdom,GBR,1967,42351.45
United Kingdom,GBR,1968,43653.074
United Kingdom,GBR,1969,45057.72
United Kingdom,GBR,1970,45829.477
United Kingdom,GBR,1971,44799.3
United Kingdom,GBR,1972,45305.508
United Kingdom,GBR,1973,47466.47
United Kingdom,GBR,1974,45054.68
United Kingdom,GBR,1975,42480.316
United Kingdom,GBR,1976,43368.484
United Kingdom,GBR,1977,44199.586
United Kingdom,GBR,1978,44453.375
United Kingdom,GBR,1979,46497.625
United Kingdom,GBR,1980,42306.977
United Kingdom,GBR,1981,41119.06
United Kingdom,GBR,1982,40594.37
United Kingdom,GBR,1983,40730.074
United Kingdom,GBR,1984,40626.453
United Kingdom,GBR,1985,42234.19
United Kingdom,GBR,1986,43294.66
United Kingdom,GBR,1987,43120.188
United Kingdom,GBR,1988,43588.254
United Kingdom,GBR,1989,43522.2
United Kingdom,GBR,1990,43724.71
United Kingdom,GBR,1991,44500.176
United Kingdom,GBR,1992,44098.4
United Kingdom,GBR,1993,44498.426
United Kingdom,GBR,1994,43856.598
United Kingdom,GBR,1995,43892.383
United Kingdom,GBR,1996,45906.703
United Kingdom,GBR,1997,44997.94
United Kingdom,GBR,1998,45228.754
United Kingdom,GBR,1999,44855.188
United Kingdom,GBR,2000,45110.676
United Kingdom,GBR,2001,45402.137
United Kingdom,GBR,2002,44185.527
United Kingdom,GBR,2003,44612.457
United Kingdom,GBR,2004,44717.523
United Kingdom,GBR,2005,44766.613
United Kingdom,GBR,2006,43870.426
United Kingdom,GBR,2007,42319.914
United Kingdom,GBR,2008,41253.062
United Kingdom,GBR,2009,38761.125
United Kingdom,GBR,2010,39283.996
United Kingdom,GBR,2011,36722.008
United Kingdom,GBR,2012,37134.582
United Kingdom,GBR,2013,37094.207
United Kingdom,GBR,2014,34774.93
United Kingdom,GBR,2015,34863.777
United Kingdom,GBR,2016,34099.367
United Kingdom,GBR,2017,33924.51
United Kingdom,GBR,2018,33653.05
United Kingdom,GBR,2019,32676.998
United Kingdom,GBR,2020,29440.059
United Kingdom,GBR,2021,29422.24
United Kingdom,GBR,2022,29480.258
United Kingdom,GBR,2023,28094.684
United Kingdom,GBR,2024,28015.771
